product name full,rainy,shipping,ride for long distance,maintenance,return,payment method,,,"P.S. The relationships are extracted from user comments, so some products have more than one rows."
"Schwalbe X-One Speed Evolution 28"" Folding Tyre",1,1,1,1,1,1,,,
"Panaracer GravelKing TR 28"" Folding Tyre",1,1,1,1,1,1,,,
"Continental Grand Prix 5000 28"" Folding Tyre",1,1,1,1,1,1,,,
Magura Type 7.C Comfort Brake Pads for MT2 / MT4 / MTS / MT6 / MT8,1,1,1,1,1,1,,,
Shimano PD-M520 Clipless Pedals,1,1,1,1,1,1,,,
Avid G2 Clean Sweep 6-bolt Disc Brake Rotor for Juicy/Code/Elixir 1/BB7,1,1,1,1,1,1,,,
Kool Stop Bremsbeläge Disc für SRAM/Avid,1,1,1,1,1,1,,,
Continental Der Baron 2.6 ProTection Apex 27.5+ Folding Tyre,1,1,1,1,1,1,,,
Magura MT5 / MT4 Carbotecture® Disc Brake Set,1,1,1,1,1,1,,,
Brooks B17 Imperial Saddle,1,1,1,1,1,1,,,
"Schwalbe Energizer Plus ADDIX E 28"" Wired Tyre",1,1,1,1,1,1,,,
Schwalbe Nobby Nic Evolution TrailStar SnakeSkin 27.5+ Folding Tyre - Closeout,1,1,1,1,1,1,,,
SQlab 711 Team Grips,1,1,1,1,1,1,,,
SQlab 521 Cage Pedal,1,1,1,1,1,1,,,
"Schwalbe G-One Allround Evolution 28"" Folding Tyre",1,1,1,1,1,1,,,
"Panaracer GravelKing TR 28"" Folding Tyre",1,1,1,1,1,1,,,
"Continental Mountain King 2.3 ProTection 29"" Folding Tyre - 2018 Model",1,1,1,1,1,1,,,
"Continental Contact Speed 27.5"" Wired Tyre",1,1,1,1,1,1,,,
"Maxxis Rambler Dual EXO TR 28"" Folding Tyre",1,1,1,1,1,1,,,
bc original Flechtwerk 45 Evo Road Carbon Wheelset,1,1,1,1,1,1,,,
"Continental Top Contact II 28"" Folding Tyre",1,1,1,1,1,1,,,
Brooks B17 Standard Saddle,1,1,1,1,1,1,,,
Shimano BR-M6000 Deore Disc Brake Set,1,1,1,1,1,1,,,
Shimano M70T4 Brake Shoes,1,1,1,1,1,1,,,
"Schwalbe Super Moto-X GreenGuard 27.5"" Wired Tyre",1,1,1,1,1,1,,,
"Continental AT Ride ProTection 28"" Folding Tyre",1,1,1,1,1,1,,,
SRAM Rival 22 DoubleTap® 2-/11-speed Mechanical Shift/Brake Levers,1,1,1,1,1,1,,,
SRAM GXP Pressfit 41 x 86.5/92 mm Bottom Bracket,1,1,1,1,1,1,,,
Shimano SM-SH56 SPD Cleats,1,1,1,1,1,1,,,
SRAM XG-1080 10-speed Cassette,1,1,1,1,1,1,,,
NC-17 STD II Pro Platform Pedals,1,1,1,1,1,1,,,
NC-17 STD II Pro Platform Pedals,1,1,1,1,1,1,,,
Shimano FC-M672 SLX 10-speed Chainring,1,1,1,1,1,1,,,
Magura MT7 Pro HC Carbotecture® Disc Brake Set,1,1,1,1,1,1,,,
"Shimano J04C Brake Pads for XTR, XT, SLX, Alfine Brakes",1,1,1,1,1,1,,,
"Shimano H01A Brake Pads for Saint 820, ZEE, BR-M8020",1,1,1,1,1,1,,,
"Shimano H01A Brake Pads for Saint 820, ZEE, BR-M8020",1,1,1,1,1,1,,,
"Shimano H03C Brake Pads for Saint 820, Zee, BR-M8020",1,1,1,1,1,1,,,
Tektro Disc Brake Pads for Auriga / Orion / Draco / TRP HY/RD,1,1,1,1,1,1,,,
Magura Type 8.P Performance Brake Pads for 4 Piston MT Disc Brakes,1,1,1,1,1,1,,,
Shimano SM-RT800 Ultegra Center Lock Rotor,1,1,1,1,1,1,,,
"Shimano G04S Brake Pads for XT, SLX, Alfine",1,1,1,1,1,1,,,
"Shimano G04S Brake Pads for XT, SLX, Alfine",1,1,1,1,1,1,,,
Shimano SM-RT10 Center Lock Rotor,1,1,1,1,1,1,,,
Magura Type 9.C Comfort Brake Pads for 4 Piston MT Disc Brakes,1,1,1,1,1,1,,,
"Shimano R55C3 Brake Pads for Dura Ace, Ultegra, 105 - 2 Pairs",1,1,1,1,1,1,,,
Avid BB7 MTB Disc Brake - Closeout,1,1,1,1,1,1,,,
Shimano L04C Brake Mounts for Flat Mount,1,1,1,1,1,1,,,
Kool Stop Bremsbeläge Disc für SRAM/Avid,1,1,1,1,1,1,,,
TRP HY/RD Brake Caliper,1,1,1,1,1,1,,,
Kool Stop Cartridge R4 Dura Brake Pads,1,1,1,1,1,1,,,
"Shimano G04Ti Brake Pads for XTR, XT, SLX, Alfine",1,1,1,1,1,1,,,
SRAM S 500 Brake Levers,1,1,1,1,1,1,,,
Continental Grand Prix 4000 S II Folding Tyre,1,1,1,1,1,1,,,
"Continental Grand Prix 4 Season 28"" Folding Tyre",1,1,1,1,1,1,,,
"Continental Grand Prix 4 Season 28"" Folding Tyre",1,1,1,1,1,1,,,
"Schwalbe Marathon 28"" Wired Tyre",1,1,1,1,1,1,,,
"Schwalbe Marathon Racer 28"" Wired Tyre",1,1,1,1,1,1,,,
"Schwalbe Rocket Ron Evolution ADDIX Speed SnakeSkin 29"" Folding Tyre",1,1,1,1,1,1,,,
"Schwalbe Magic Mary Evolution ADDIX Soft Super Gravity 27.5"" Folding Tyre",1,1,1,1,1,1,,,
"Continental Der Kaiser 2.4 Projekt ProTection Apex 27.5"" Folding Tyre - 2018 Model",1,1,1,1,1,1,,,
"Maxxis Assegai 3C MaxxGrip DD WT TR 27.5"" Folding Tyre",1,1,1,1,1,1,,,
"Michelin Dynamic Classic Pro 28"" Wired Tyre",1,1,1,1,1,1,,,
"Schwalbe Magic Mary  Evolution ADDIX Soft 29"" Folding Tyre",1,1,1,1,1,1,,,
"Continental Top Contact II 28"" Folding Tyre",1,1,1,1,1,1,,,
"Continental Top Contact II 28"" Folding Tyre",1,1,1,1,1,1,,,
"Continental Top Contact II 28"" Folding Tyre",1,1,1,1,1,1,,,
"Maxxis Ikon TR 3C MaxxSpeed Skinwall 29"" Folding Tyre",1,1,1,1,1,1,,,
"Continental Trail King ProTection Apex 29"" Folding Tyre - Closeout",1,1,1,1,1,1,,,
Topeak FlyPaper Glueless Patch Kit,1,1,1,1,1,1,,,
"Maxxis DTH MaxxPro Skinwall 26"" Folding Tyre",1,1,1,1,1,1,,,
"Schwalbe Magic Mary Evolution ADDIX Soft 26"" Folding Tyre",1,1,1,1,1,1,,,
"Schwalbe Racing Ralph Evo ADDIX Speed 26"" Folding Tyre - 2019 Model",1,1,1,1,1,1,,,
"Maxxis Minion DHF 3C MaxxGrip EXO WT TR 27.5"" Folding Tyre",1,1,1,1,1,1,,,
"Maxxis Minion DHF 3C MaxxGrip EXO WT TR 27.5"" Folding Tyre",1,1,1,1,1,1,,,
"Continental Top Contact II 26"" Folding Tyre",1,1,1,1,1,1,,,
"Schwalbe Marathon Supreme Evolution 28"" Folding Tyre Set",1,1,1,1,1,1,,,
"Schwalbe Marathon Supreme Evolution 28"" Folding Tyre Set",1,1,1,1,1,1,,,
"Continental Contact Travel 28"" Folding Tyre - 2017 Model",1,1,1,1,1,1,,,
"Schwalbe Table Top ADDIX 26"" Wired Tyre",1,1,1,1,1,1,,,
"Maxxis Aggressor WT 27.5"" Folding Tyre",1,1,1,1,1,1,,,
"Maxxis Ardent Dual EXO TR 27.5"" Folding Tyre",1,1,1,1,1,1,,,
"Continental Speed Ride ProTection 28"" Folding Tyre",1,1,1,1,1,1,,,
"Continental Speed Ride ProTection 28"" Folding Tyre",1,1,1,1,1,1,,,
Schwalbe Magic Mary Evo ADDIX Ultra Soft SnakeSkin Downhill 26+ Wired Tyre,1,1,1,1,1,1,,,
"Maxxis Ardent Dual EXO TR Skinwall 29"" Folding Tyre",1,1,1,1,1,1,,,
"Continental Trail King ProTection Apex 27.5"" Folding Tyre - Closeout",1,1,1,1,1,1,,,
"Maxxis Highroller II 3C MaxxTerra 27.5"" Folding Tyre",1,1,1,1,1,1,,,
"Maxxis Ardent Dual EXO TR 26"" Folding Tyre",1,1,1,1,1,1,,,
Fulcrum Racing Quattro Carbon Wheelset,1,1,1,1,1,1,,,
ESI Chunky Silicone Grips,1,1,1,1,1,1,,,
Ritchey WCS Ture Grips,1,1,1,1,1,1,,,
Ergon GD1 Factory Grips - Closeout,1,1,1,1,1,1,,,
BikeYoke Revive 2.0 185 mm Dropper Post incl. Triggy Remote for 1x,1,1,1,1,1,1,,,
SRAM X0 3-/9-speed Twist Shifter,1,1,1,1,1,1,,,
"Surly Long Haul Trucker 26"" Frameset",1,1,1,1,1,1,,,
Shimano CN-HG701 Ultegra / XT / E-Bike 11-speed Chain,1,1,1,1,1,1,,,
PRO Transparent Frame Protector,1,1,1,1,1,1,,,
"Shimano G04S Brake Pads for XT, SLX, Alfine",1,1,1,1,1,1,,,
RockShox PopLoc Remote Lever,1,1,1,1,1,1,,,
Shimano Alfine FC-S501 Crankset w/ Single Bash Guard,1,1,1,1,1,1,,,
Jagwire Liner for Elite Link Housings,1,1,1,1,1,1,,,
Favero Assioma Duo Power Meter Pedals,1,1,1,1,1,1,,,
"Schwalbe Rocket Ron Evolution ADDIX Speed SnakeSkin 29"" Folding Tyre",1,1,1,1,1,1,,,
Nokon Konkavex Schalt- oder Brems-Universal-Set,1,1,1,1,1,1,,,
"Schwalbe Pro One Evolution 28"" Folding Tyre Set",1,1,1,1,1,1,,,
"Continental Top Contact II 28"" Folding Tyre",1,1,1,1,1,1,,,
RockShox Monarch Plus RC3 DebonAir Rear Shock,1,1,1,1,1,1,,,
Procraft PRC SP2 Carbon Sattelstütze,1,1,1,1,1,1,,,
"Schwalbe Nobby Nic Evolution ADDIX Speedgrip SnakeSkin 27.5"" Folding Tyre",1,1,1,1,1,1,,,
Jagwire KEB-SL Brake Cable Housing,1,1,1,1,1,1,,,
Shimano XTR SL-M980-B-I 2-/3-/10-speed Shifter w/ I-Spec,1,1,1,1,1,1,,,
SRAM PC GX Eagle 12-speed Chain - 2018 Model,1,1,1,1,1,1,,,
SRAM PC GX Eagle 12-speed Chain - 2018 Model,1,1,1,1,1,1,,,
XLC PD-M12 Platform Pedal,1,1,1,1,1,1,,,
Shimano FC-M530 / FC-M532 / FC-M590-S Deore 9-speed Chainring,1,1,1,1,1,1,,,
"Shimano G02A Brake Pads for XTR, XT, SLX, Alfine",1,1,1,1,1,1,,,
Magura EBT Pro Bleed Kit for Disc and Rim Brakes,1,1,1,1,1,1,,,
Shimano BR-T4000 V-Brake Set,1,1,1,1,1,1,,,
Shimano M-System Brake Cable Housing,1,1,1,1,1,1,,,
"Continental Sprinter 28"" Tubular Tyre",1,1,1,1,1,1,,,
Shimano Deore T6000 3x10 26-36-48 Groupset,1,1,1,1,1,1,,,
SRM EXAKT Dual Power Meter Pedals,1,1,1,1,1,1,,,
Cane Creek 40 Series ZS44/28.6 Headset Upper,1,1,1,1,1,1,,,
BBB SmoothLever BSP-87 Seatpost Clamp,1,1,1,1,1,1,,,
e*thirteen TRS+ Dropper 170 mm Dropper Post w/ Remote,1,1,1,1,1,1,,,
SRAM GX Eagle Type 3.0 12-speed Rear Derailleur - 2018 Model,1,1,1,1,1,1,,,
Shimano ZEE RD-M640 10-speed Shadow Plus Rear Derailleur,1,1,1,1,1,1,,,
Jagwire Universal Sport Shifter Cable Set,1,1,1,1,1,1,,,
Jagwire Plastic Ferrules for Shifter Cable Housings,1,1,1,1,1,1,,,
Shimano Cover Unit for SL-M8000-I I-Spec II,1,1,1,1,1,1,,,
Shimano Cover Unit for SL-M8000-I I-Spec II,1,1,1,1,1,1,,,
RockShox DebonAir Upgrade Kit for Pike / Revelation starting from 2014 Model,1,1,1,1,1,1,,,
"Suntour NCX SF14 D-LO 700c 1 1/8"" Canti/Disc Federgabel",1,1,1,1,1,1,,,
SRAM GX 1x11-speed Upgrade Kit,1,1,1,1,1,1,,,
"Marzocchi Bomber 58 27,5"" Federgabel",1,1,1,1,1,1,,,
Fox Racing Shox Topcap Interface Parts for FIT4 Suspension Fork Models as of 2016,1,1,1,1,1,1,,,
"Marzocchi Bomber Z1 Boost 27,5"" Federgabel",1,1,1,1,1,1,,,
"Syntace VarioSpin Bearing Cups, -1.5° / + 1.5°",1,1,1,1,1,1,,,
SQlab 6OX Ergowave active Sattel,1,1,1,1,1,1,,,
"TA Kettenblatt Single, 4-Arm, 104 mm Lochkreis",1,1,1,1,1,1,,,
"Shimano XTR, XT PM7"" to PM Disc Brake Adapters for 203 mm Rotors",1,1,1,1,1,1,,,
XLC PD-M10 Platform Pedals,1,1,1,1,1,1,,,
Shimano Claris CS-HG50-8 8-speed Cassette,1,1,1,1,1,1,,,
Race Face Crank Boots,1,1,1,1,1,1,,,
Shimano FC-M617 Deore 10-speed Chainring,1,1,1,1,1,1,,,
Shimano XT BR-M8020 + BL-M8000 Disc Brake Set,1,1,1,1,1,1,,,
Tip Top Vulcanizing Liquid,1,1,1,1,1,1,,,
"Schwalbe Marathon Plus E-50 20"" Wired Tyre",1,1,1,1,1,1,,,
e*thirteen TRS+ 12-speed Upgrade Kit,1,1,1,1,1,1,,,
crankbrothers Highline 125 mm Dropper Post w/ Remote,1,1,1,1,1,1,,,
Procraft PRC SPK1 Seatpost Clamp,1,1,1,1,1,1,,,
KCNC Jockey Wheel Ultra Light Schalträdchen,1,1,1,1,1,1,,,
Continental Race 28 Tubes Set- 5 Tubes + 2 Free Tire Levers,1,1,1,1,1,1,,,
e*thirteen TRS+ Dropper 150 mm Dropper Post w/ Remote,1,1,1,1,1,1,,,
SQlab 611 Ergowave active Saddle,1,1,1,1,1,1,,,
MRP Ramp Control Upgrade Cartridges,1,1,1,1,1,1,,,
SQlab 611 CrMo Saddle,1,1,1,1,1,1,,,
SQlab 611 CrMo Saddle,1,1,1,1,1,1,,,
Ritchey Classic Handlebar Tape,1,1,1,1,1,1,,,
OneUp Components 170 mm Dropper Post,1,1,1,1,1,1,,,
XLC SP-T11 All MTN Seatpost with Remote,1,1,1,1,1,1,,,
"Fox Racing Shox Steel Coil for DHX 216, 222 mm / Van R 216, 222 mm",1,1,1,1,1,1,,,
Hope Tech 3 E4 Composite Hose Disc Brake Set,1,1,1,1,1,1,,,
"RockShox Recon RL Solo Air 27.5"" Suspension Fork - 2019 Model",1,1,1,1,1,1,,,
Shimano PD-T8000 XT Clipless/Platform Pedals,1,1,1,1,1,1,,,
Shimano PD-M9000 XTR Race Clipless Pedals,1,1,1,1,1,1,,,
Hope Floating Vented 6-bolt Tech 3 V4 Brake Rotor,1,1,1,1,1,1,,,
"Continental Cross King Premium BlackChili ProT 27.5"" Folding Tyre",1,1,1,1,1,1,,,
Shimano Cage/Clipless PD-M324 Pedals,1,1,1,1,1,1,,,
RockShox Barb Connector for Reverb / Reverb Stealth,1,1,1,1,1,1,,,
"e*thirteen Tubeless Rim Tape, 8 m",1,1,1,1,1,1,,,
RockShox PopLoc Remote Lever,1,1,1,1,1,1,,,
Shimano XT CS-M771-10 10-speed Cassette,1,1,1,1,1,1,,,
Schwalbe Tubeless Valves,1,1,1,1,1,1,,,
Schwalbe Tubeless Valves,1,1,1,1,1,1,,,
Shimano XT FH-M756 Disc 6-bolt Rear Hub for Quick Releases,1,1,1,1,1,1,,,
SRAM X9 High Direct Mount 3-/9-speed Front Derailleur - Closeout,1,1,1,1,1,1,,,
Shimano Shifter Cable Ferrules - 100 Pack,1,1,1,1,1,1,,,
Continental MTB 26 Tube,1,1,1,1,1,1,,,
Procraft Chainstay Protector Set,1,1,1,1,1,1,,,
Shimano XT BR-M8020 Disc Brake Set,1,1,1,1,1,1,,,
SRAM PowerLock™ 12-speed Master Link,1,1,1,1,1,1,,,
Hope Stainless Steel MTB Bottom Bracket,1,1,1,1,1,1,,,
Shimano CN-E6090-10 STEPS 10-speed Chain for E-Bikes,1,1,1,1,1,1,,,
Shimano BB-ES300 Octalink Bottom Bracket,1,1,1,1,1,1,,,
Magura HS 33 R Rim Brake Set,1,1,1,1,1,1,,,
Magura HS 33 R Rim Brake Set,1,1,1,1,1,1,,,
Shimano XT BR-M8000 Disc Brake w/ G02A Resin Pads,1,1,1,1,1,1,,,
"Shimano SM-BH90-SB Brake Hose for XTR (M985), XT, SLX, Alfine Brakes",1,1,1,1,1,1,,,
"Continental Top Contact II 28"" Folding Tyre",1,1,1,1,1,1,,,
Shimano Deore M6000 2x10 28-38 Groupset,1,1,1,1,1,1,,,
QUARQ DZero Compact GXP Power Meter Crankset,1,1,1,1,1,1,,,
Ergon GA2 Fat Grips - 2018 Model,1,1,1,1,1,1,,,
Cane Creek 40 Series IS52/40 Headset Lower,1,1,1,1,1,1,,,
BikeYoke DeHy Complete Kit SRAM with Remote for Reverb Stealth A1 / A2,1,1,1,1,1,1,,,
Kind Shock Spare Remote Lever for Dropzone / Supernatural / i900-R / i950-R,1,1,1,1,1,1,,,
RockShox Charger 2 RCT3 Upgrade Kit for Lyrik / Yari Models as of 2016,1,1,1,1,1,1,,,
RockShox Monarch RT3 DebonAir Rear Shock,1,1,1,1,1,1,,,
Shimano XT 1x11-speed Upgrade Kit,1,1,1,1,1,1,,,
HT EVO-MAG ME03 Platform Pedals,1,1,1,1,1,1,,,
Ergon SMC4 Sport Gel Saddle,1,1,1,1,1,1,,,
Brooks Flyer Saddle,1,1,1,1,1,1,,,
fabric Scoop Shallow Elite Saddle,1,1,1,1,1,1,,,
"Continental Contact Speed 28"" Wired Tyre",1,1,1,1,1,1,,,
"Continental Race King 2.2 ProTection 26"" Folding Tyre - 2018 Model",1,1,1,1,1,1,,,
Panaracer Pacenti Pari-Moto 27.5“ Folding Tyre,1,1,1,1,1,1,,,
Brooks Team Professional Titanium Saddle,1,1,1,1,1,1,,,
Shimano BR-M8020 XT Brake Caliper with H01A Brake Pads,1,1,1,1,1,1,,,
Kind Shock Seat Clamp Bolt for LEV,1,1,1,1,1,1,,,
Shimano Upper Cover for SL-M7000-I I-Spec II,1,1,1,1,1,1,,,
Kind Shock LEV Integra 100/342 mm Dropper w/ Remote,1,1,1,1,1,1,,,
Magura Type 9.P Performance Brake Pads for 4 Piston MT Disc Brakes,1,1,1,1,1,1,,,
SRAM XG-1080 10-speed Cassette,1,1,1,1,1,1,,,
Shimano BB-MT800 XT / SLX / LX Hollowtech II Bottom Bracket,1,1,1,1,1,1,,,
SRAM XG-1275 12-speed Cassette for GX Eagle - 2018 Model,1,1,1,1,1,1,,,
Shimano PD-GR500 Platform Pedals,1,1,1,1,1,1,,,
SRAM PC X1 11-Speed Chain,1,1,1,1,1,1,,,
Shimano FC-M780 / FC-T780 / FC-T781 XT 10-speed Chainring,1,1,1,1,1,1,,,
Shimano XT CS-M8000 11-speed Cassette + CN-HG701 11-speed Chain Set,1,1,1,1,1,1,,,
Gates CDX Belt,1,1,1,1,1,1,,,
Shimano PD-M8040 XT Platform Pedals,1,1,1,1,1,1,,,
Shimano 105 CS-5700 10-speed Cassette,1,1,1,1,1,1,,,
Shimano 105 CS-5700 10-speed Cassette,1,1,1,1,1,1,,,
Shimano BB-MT800-PA Hollowtech II Pressfit 41 x 89.5-92 mm Bottom Bracket,1,1,1,1,1,1,,,
Shimano SMBB71-41A Hollowtech II Press fit 41x89.5/92 mm Bottom Bracket,1,1,1,1,1,1,,,
SRAM PC Red 22 11-speed Chain,1,1,1,1,1,1,,,
Shimano 11-speed Chain Pin,1,1,1,1,1,1,,,
Shimano PD-M820 Saint Clipless Pedals,1,1,1,1,1,1,,,
Shimano XT CS-M760 / CS-M770 9-speed Sprocket,1,1,1,1,1,1,,,
crankbrothers Eggbeater 3 Clipless Pedals,1,1,1,1,1,1,,,
Shimano 105 CS-5700 Cassette + CN-6701 10-speed Chain Set,1,1,1,1,1,1,,,
Shimano SM-CN900-11 Quick-Link Master Link - 1 Pack,1,1,1,1,1,1,,,
SRAM PC 1091 10-speed Chain,1,1,1,1,1,1,,,
NC-17 STD Zero Pro Platform Pedals,1,1,1,1,1,1,,,
NC-17 STD Zero Pro Platform Pedals,1,1,1,1,1,1,,,
Truvativ M15/M26 Crank Bolt w/ GXP Puller,1,1,1,1,1,1,,,
Shimano FC-T551 Crankset w/ Bash Guard,1,1,1,1,1,1,,,
Shimano FC-M760 / FC-M800 / FC-M600 XT/Saint/Hone 9-speed Chainring,1,1,1,1,1,1,,,
Shimano XTR CS-M980 10-speed Cassette,1,1,1,1,1,1,,,
DMR FlipPin Kit for Vault Platform Pedals,1,1,1,1,1,1,,,
Shimano FC-M590 Deore 9-speed Chainring for Bash Guards,1,1,1,1,1,1,,,
HT EVO-MAG ME03 Platform Pedals,1,1,1,1,1,1,,,
Hope 11-speed Cassette + Hope Pro 4 Freehub Body,1,1,1,1,1,1,,,
OneUp Components Switch Chainring Carrier System for Race Face,1,1,1,1,1,1,,,
OneUp Components Oval 94/96 BCD Traction Chainring,1,1,1,1,1,1,,,
Shimano SM-RT86 6-bolt Brake Rotor for XT Brakes,1,1,1,1,1,1,,,
"Shimano J02A Brake Pads for XTR, XT, SLX, Alfine",1,1,1,1,1,1,,,
Shimano XT BR-M8020 Disc Brake Set,1,1,1,1,1,1,,,
Shimano Mineral Oil,1,1,1,1,1,1,,,
"Shimano SM-RT99 Center Lock Brake Rotors for Saint, XTR",1,1,1,1,1,1,,,
Shimano XT BR-M8020 + BL-M8000 Disc Brake Set,1,1,1,1,1,1,,,
Trickstuff Dächle-Disc HD 6-bolt Brake Rotor,1,1,1,1,1,1,,,
Shimano XT BL-M8000 Brake Lever,1,1,1,1,1,1,,,
Formula Cura 4 Disc Brake,1,1,1,1,1,1,,,
Avid G2 Clean Sweep 6-bolt Disc Brake Rotor for Juicy/Code/Elixir 1/BB7,1,1,1,1,1,1,,,
Shimano Pad Retaining Bolt for BR-M785 / BR-M820 / BR-M8000,1,1,1,1,1,1,,,
"Shimano SM-BH90-SBM Brake Hose w/ Banjo for XTR, XT, SLX",1,1,1,1,1,1,,,
Magura HS 33 R Rim Brake Set,1,1,1,1,1,1,,,
Shimano 105 STI ST-5700 / ST-5703 2-/3-/10-speed Shift/Brake Levers,1,1,1,1,1,1,,,
Shimano BL-M7000 SLX Brake Lever,1,1,1,1,1,1,,,
"Continental Der Kaiser 2.4 Projekt ProTection Apex 27.5"" Folding Tyre - 2018 Model",1,1,1,1,1,1,,,
"Continental Top Contact II 28"" Folding Tyre",1,1,1,1,1,1,,,
"Schwalbe Marathon Plus Tour Performance SmarGuard Endurance 26"" Wired Tyre",1,1,1,1,1,1,,,
"Schwalbe Rocket Ron Evolution ADDIX Speed SnakeSkin 26"" Folding Tyre",1,1,1,1,1,1,,,
"Continental Trail King ProTection Apex 27.5"" Folding Tyre - Closeout",1,1,1,1,1,1,,,
"Maxxis Minion DHF 3C MaxxTerra EXO TR 29"" Folding Tyre",1,1,1,1,1,1,,,
SRAM Force 1 PM 1x11 42 GXP Hydraulic Disc Brake Groupset,1,1,1,1,1,1,,,
"Mavic Crossride FTS-X 6-bolt Disc 26"" Wheelset",1,1,1,1,1,1,,,
DT Swiss ER 1400 SPLINE® DB 21 Road Wheelset,1,1,1,1,1,1,,,
Fulcrum Racing 7 DB Disc Center Lock Wheelset - 2018 Model,1,1,1,1,1,1,,,
Garmin Vector 3 Power Meter Pedals,1,1,1,1,1,1,,,
QUARQ DZero Carbon Compact GXP Power Meter Crankset,1,1,1,1,1,1,,,
Ritchey Comp VentureMax Handlebars,1,1,1,1,1,1,,,
Lizard Skins DSP 2.5 Handlebar Tape,1,1,1,1,1,1,,,
Cane Creek 40 Series IS52/40 Headset Lower,1,1,1,1,1,1,,,
Renthal Fatbar® Carbon 35 30 mm Riser Lenker,1,1,1,1,1,1,,,
Ergon GD1 Factory Grips - Closeout,1,1,1,1,1,1,,,
BikeYoke Revive 2.0 185 mm Dropper Post incl. Triggy Remote for 1x,1,1,1,1,1,1,,,
"RockShox Reverb Stealth 170 mm Seatpost, Right MMX Remote - 2017 Model",1,1,1,1,1,1,,,
"RockShox Reverb Stealth 150 mm Dropper Post, 1x Remote, Left - 2018 Model",1,1,1,1,1,1,,,
Kind Shock Southpaw Remote,1,1,1,1,1,1,,,
CONTEC SP-060 Slim Suspension Seatpost,1,1,1,1,1,1,,,
BikeYoke DeHy Complete Kit SRAM with Remote for Reverb Stealth A1 / A2,1,1,1,1,1,1,,,
KCNC Road Pro SC9 Sattelklemme,1,1,1,1,1,1,,,
Shimano Stainless Steel Shifter Cable,1,1,1,1,1,1,,,
Shimano SIS-SP41 Shifter Cable Housing,1,1,1,1,1,1,,,
Shimano Di2 BT-DN110 Battery for Internal Mount,1,1,1,1,1,1,,,
SRAM Shifter Cable Kit,1,1,1,1,1,1,,,
Tacx Jockey Wheels,1,1,1,1,1,1,,,
KCNC Jockey Wheel Alu Schalträdchen - Auslaufmodell,1,1,1,1,1,1,,,
SRAM EX1 Type 3.0 8-speed Rear Derailleur,1,1,1,1,1,1,,,
SRAM Derailleur Pulleys for X0 / X7 / X9 Models as of 2005,1,1,1,1,1,1,,,
Shimano Upper Cover for SL-M780,1,1,1,1,1,1,,,
SRAM End Cap Kit,1,1,1,1,1,1,,,
Jagwire Road Elite Sealed Shifter Cable Set,1,1,1,1,1,1,,,
RockShox Charger 2.1 RC2 Upgrade Kit for Lyrik B1+ / Yari A1+ as of 2016,1,1,1,1,1,1,,,
"Salsa Firestarter Disc only 29"" Starrgabel",1,1,1,1,1,1,,,
Fox Racing Shox 34 FIT4 Damping Cartridge / Upgrade Cartridge,1,1,1,1,1,1,,,
RockShox Service Kit (Dust Seals + Foam Rings) for Sektor/Tora/Recon/Reba,1,1,1,1,1,1,,,
Continental MTB 26 Tube,1,1,1,1,1,1,,,
"Schwalbe Tube No. 19A Extralight for 27.5"" / 28"" / 29"" Tyres",1,1,1,1,1,1,,,
"Michelin C4 Aircomp Latex MTB 26"" Tube",1,1,1,1,1,1,,,
Brooks Rail Clamp,1,1,1,1,1,1,,,
Cane Creek Double Barrel Air Inline Rear Shock - Closeout,1,1,1,1,1,1,,,
Ergon Fitting Box,1,1,1,1,1,1,,,
"Nicolai G1-29 29"" Rahmen",1,1,1,1,1,1,,,
Problem Solvers Universal Derailleur Hanger,1,1,1,1,1,1,,,
Liteville Double Cable Guide for Liteville,1,1,1,1,1,1,,,
SRM EXAKT Single Power Meter Pedals,1,1,1,1,1,1,,,
Procraft Race Titanium Saddle,1,1,1,1,1,1,,,
SRAM Rival DoubleTap® 2-/10-speed Shift/Brake Lever,1,1,1,1,1,1,,,
"Panaracer GravelKing TR 28"" Folding Tyre",1,1,1,1,1,1,,,
Continental Competition Tubular Tyre,1,1,1,1,1,1,,,
"CushCore 27.5"" Tyre Insert Kit",1,1,1,1,1,1,,,
Ergon GA3 Grips,1,1,1,1,1,1,,,
Procraft iGRIP Evo Bar Ends,1,1,1,1,1,1,,,
Ergon GS1 Grips,1,1,1,1,1,1,,,
Ritchey WCS Carbon Road Gabel - Auslaufmodell,1,1,1,1,1,1,,,
SRAM XX1 Eagle 1x12-speed Upgrade Kit,1,1,1,1,1,1,,,
Thomson 125 mm Elite Dropper Post with Remote,1,1,1,1,1,1,,,
crankbrothers Highline 125 mm Dropper Post w/ Remote,1,1,1,1,1,1,,,
tune Würger Sattelklemme,1,1,1,1,1,1,,,
Magura HS 33 R Rim Brake Set,1,1,1,1,1,1,,,
Schwalbe Universal MTB Tubeless Kit,1,1,1,1,1,1,,,
Schwalbe Universal MTB Tubeless Kit,1,1,1,1,1,1,,,
Race Face Half Nelson Lock On Grips,1,1,1,1,1,1,,,
"Surly Long Haul Trucker 26"" Frameset",1,1,1,1,1,1,,,
Shimano Brake Cable Ferrules - 10 Pack,1,1,1,1,1,1,,,
TRP CX8.4 Mini V-Brake Set,1,1,1,1,1,1,,,
Cane Creek 40 Series IS52/40 Headset Lower,1,1,1,1,1,1,,,
BikeYoke Revive 2.0 185 mm Dropper Post incl. Triggy Remote for 1x,1,1,1,1,1,1,,,
crankbrothers Remote Kit for Highline,1,1,1,1,1,1,,,
Jagwire Pro Slick Shifter Cable for Shimano/SRAM,1,1,1,1,1,1,,,
KCNC Jockey Wheel Alu Schalträdchen - 1 Paar,1,1,1,1,1,1,,,
Jagwire Mountain Elite Sealed Shifter Cable Set,1,1,1,1,1,1,,,
Shimano Cover Unit for SL-M8000-I I-Spec II,1,1,1,1,1,1,,,
Jagwire Mini Tube Tops,1,1,1,1,1,1,,,
SRAM GXP Bottom Bracket,1,1,1,1,1,1,,,
Shimano BB-MT800 XT / SLX / LX Hollowtech II Bottom Bracket,1,1,1,1,1,1,,,
Shimano BB-UN55 Square Taper Bottom Bracket,1,1,1,1,1,1,,,
Shimano 105 CS-5700 10-speed Cassette,1,1,1,1,1,1,,,
Shimano BB-MT800-PA Hollowtech II Pressfit 41 x 89.5-92 mm Bottom Bracket,1,1,1,1,1,1,,,
SRAM PC 971 9-speed Chain,1,1,1,1,1,1,,,
Shimano Clipless PD-M530 Pedals,1,1,1,1,1,1,,,
Hope Stainless Steel MTB Bottom Bracket,1,1,1,1,1,1,,,
Shimano SM-BB94-41A Hollowtech II Pressfit 41 x 89.5-92 mm Bottom Bracket,1,1,1,1,1,1,,,
77designz Crash Plate™ ISCG 05 Bash Guard,1,1,1,1,1,1,,,
absoluteBLACK Oval Boost 148 Traction Chainring for SRAM GXP,1,1,1,1,1,1,,,
SRAM PowerLock™ 10-speed Master Link,1,1,1,1,1,1,,,
Shimano 105 FC-5800 Hollowtech II Crankset,1,1,1,1,1,1,,,
Shimano FC-T4010 Octalink Crankset w/ Bash Guard,1,1,1,1,1,1,,,
Shimano FC-M782 XT 10-speed Chainring,1,1,1,1,1,1,,,
Hope Stainless Steel Bottom Bracket for 30 mm Axles,1,1,1,1,1,1,,,
Hope Stainless Steel Bottom Bracket for 30 mm Axles,1,1,1,1,1,1,,,
OneUp Components Switch Oval Chainring Carrier System for SRAM,1,1,1,1,1,1,,,
SRAM Oval X-Sync™ 2 Direct Mount Chainring for X01/XX1/GX Eagle Boost,1,1,1,1,1,1,,,
NC-17 Trekking Pro Platform Pedals,1,1,1,1,1,1,,,
Shimano FC-5703 105 10-speed Chainring,1,1,1,1,1,1,,,
Race Face Small Crank Boots,1,1,1,1,1,1,,,
Exustar E-CCG20 c-guide Chain Guide,1,1,1,1,1,1,,,
OneUp Components ISCG 05 Chain Guides,1,1,1,1,1,1,,,
Rotor BSA 30 Stahl Innenlager,1,1,1,1,1,1,,,
Rohloff Chain Tensioner DH Shorty,1,1,1,1,1,1,,,
Shimano Alfine CT-S500 Chain Tensioner for SG-S501 / SG-S700,1,1,1,1,1,1,,,
NC-17 Trekking Pro Platform Pedals,1,1,1,1,1,1,,,
Shimano FC-T521 10-speed Chainring,1,1,1,1,1,1,,,
Shimano FC-M4000 Octalink Crankset w/ Bash Guard,1,1,1,1,1,1,,,
Speedplay Zero Stainless Steel Clipless Pedals + Walkable Cleats,1,1,1,1,1,1,,,
Shimano FC-M7000-10-3 SLX Hollowtech II Crankset,1,1,1,1,1,1,,,
Shimano SM-RT86 6-bolt Brake Rotor for XT Brakes,1,1,1,1,1,1,,,
"Shimano H01A Brake Pads for Saint 820, ZEE, BR-M8020",1,1,1,1,1,1,,,
Magura MT Trail Sport Carbotecture® Disc Brake Set,1,1,1,1,1,1,,,
Magura Mini-Service Kit,1,1,1,1,1,1,,,
Shimano  SM-RT81-A Center Lock Rotor for XT,1,1,1,1,1,1,,,
Shimano BR-M8020 XT Brake Caliper with H01A Brake Pads,1,1,1,1,1,1,,,
Magura Disc 90° Disc Tube Brake Hose for MT4 / MT5 / MTS / MT6 / MT7 / MT8,1,1,1,1,1,1,,,
Magura Disc 90° Disc Tube Brake Hose for MT4 / MT5 / MTS / MT6 / MT7 / MT8,1,1,1,1,1,1,,,
Shimano Bleed Block (15-hole) for 2-Piston Brake Calipers,1,1,1,1,1,1,,,
"Shimano SM-BH90-SBM Brake Hose w/ Banjo for XTR, XT, SLX",1,1,1,1,1,1,,,
Shimano Pad Spacer for BR-M9000 / M8000 / M7000 Brakes,1,1,1,1,1,1,,,
Magura HS 33 R Rim Brake Set,1,1,1,1,1,1,,,
Magura HS 33 R Rim Brake Set,1,1,1,1,1,1,,,
Magura HS 33 R Rim Brake Set,1,1,1,1,1,1,,,
Avid BB7 MTB Front + Rear Disc Brake Set - Closeout,1,1,1,1,1,1,,,
Shimano ZEE BR-M640 Disc Brake,1,1,1,1,1,1,,,
Jagwire Mountain Pro Hydraulic Hose,1,1,1,1,1,1,,,
Magura Shiftmix 1+2 Handlebar Clamp for Shimano I-Spec / I-Spec II,1,1,1,1,1,1,,,
Kool Stop Cartridge R1 V-Brake Brake Pads,1,1,1,1,1,1,,,
Avid BB7 Road Disc Brakes - Closeout,1,1,1,1,1,1,,,
Jagwire Mountain Pro Quick-Fit™ Adapter for Brake Hoses,1,1,1,1,1,1,,,
Jagwire Mountain Pro Quick-Fit™ Adapter for Brake Hoses,1,1,1,1,1,1,,,
Shimano Saint BR-M820 Disc Brake,1,1,1,1,1,1,,,
Shimano Brake Cable Ferrules - 10 Pack,1,1,1,1,1,1,,,
TRP CX8.4 Mini V-Brake Set,1,1,1,1,1,1,,,
TRP CX8.4 Mini V-Brake Set,1,1,1,1,1,1,,,
"Shimano SM-BH90-SS Brake Hose for Deore, LX",1,1,1,1,1,1,,,
"Schwalbe G-One Allround Evolution 28"" Folding Tyre",1,1,1,1,1,1,,,
bc basic Tubeless Valves - 2 Pack,1,1,1,1,1,1,,,
"Schwalbe G-One Allround Evolution Ltd. Edition 28"" Folding Tyre",1,1,1,1,1,1,,,
"Continental Der Baron 2.4 Projekt ProTection 27.5"" Folding Tyre - 2018 Model",1,1,1,1,1,1,,,
"Continental Race King 2.2 ProTection 29"" Folding Tyre - 2018 Model",1,1,1,1,1,1,,,
Schwalbe Tubeless Rim Tape,1,1,1,1,1,1,,,
"Schwalbe Pro One Evolution 28"" Folding Tyre Set",1,1,1,1,1,1,,,
Proline Anti-Platt Puncture Protection,1,1,1,1,1,1,,,
"Continental Top Contact II 28"" Folding Tyre",1,1,1,1,1,1,,,
"Schwalbe Racing Ralph ADDIX 29"" Folding Tyre - 2019 Model",1,1,1,1,1,1,,,
"Schwalbe Rocket Ron Evolution ADDIX Speedgrip SnakeSkin 29"" Folding Tyre",1,1,1,1,1,1,,,
Schwalbe Eddy Current Rear Evo ADDIX Soft 27.5+ Folding Tyre - 2019 Model,1,1,1,1,1,1,,,
"Continental Trail King ProTection Apex 29"" Folding Tyre 2018 Model",1,1,1,1,1,1,,,
Schwalbe Easy Fit Tire Assembly Liquid,1,1,1,1,1,1,,,
TUFO Extreme Two Sided Gluing Tape for Road Tubular Tyres,1,1,1,1,1,1,,,
tune MTB Tubeless Valve,1,1,1,1,1,1,,,
tune MTB Tubeless Valve,1,1,1,1,1,1,,,
"Maxxis Aggressor WT 27.5"" Folding Tyre",1,1,1,1,1,1,,,
MarshGuard FCK Flats Durchschlagschutz,1,1,1,1,1,1,,,
SRAM NX 1x11 32 GXP Groupset,1,1,1,1,1,1,,,
SRAM NX Eagle 1x12-speed Trigger Upgrade Kit - 2018 Model,1,1,1,1,1,1,,,
Shimano XT 1x11-speed Upgrade Kit,1,1,1,1,1,1,,,
Shimano XT 1x11-speed Upgrade Kit,1,1,1,1,1,1,,,
SRAM GX Eagle 1x12-speed Grip Shift Upgrade Kit - 2018 Model,1,1,1,1,1,1,,,
bc basic Tubeless Valves - 2 Pack,1,1,1,1,1,1,,,
Mavic Ksyrium Elite UST WTS Wheelset,1,1,1,1,1,1,,,
Schwalbe High Pressure Rim Tape,1,1,1,1,1,1,,,
DT Swiss Ratchet System® XD Driver for SRAM XX1/X01,1,1,1,1,1,1,,,
DT Swiss Ratchet System® XD Driver for SRAM XX1/X01,1,1,1,1,1,1,,,
Schwalbe Tubeless Rim Tape,1,1,1,1,1,1,,,
Shimano SM-HB20 Center Lock Lockring,1,1,1,1,1,1,,,
Schwalbe Easy Fit Tire Assembly Liquid,1,1,1,1,1,1,,,
TUFO Extreme Two Sided Gluing Tape for Road Tubular Tyres,1,1,1,1,1,1,,,
tune MTB Tubeless Valve,1,1,1,1,1,1,,,
tune MTB Tubeless Valve,1,1,1,1,1,1,,,
Campagnolo Zonda C17 Wheelset - 2017 Model,1,1,1,1,1,1,,,
MarshGuard FCK Flats Durchschlagschutz,1,1,1,1,1,1,,,
Mavic Freehub Body SRAM XD for TS-2/ITS4 Wheel Models as of 2012,1,1,1,1,1,1,,,
DT Swiss  Rear Conversion Kit for 240s / 340 / 350 / 440,1,1,1,1,1,1,,,
Favero Assioma Duo Power Meter Pedals,1,1,1,1,1,1,,,
Favero Assioma Duo Power Meter Pedals,1,1,1,1,1,1,,,
Garmin Vector 3 Power Meter Pedals,1,1,1,1,1,1,,,
Favero Assioma Uno Power Meter Pedals,1,1,1,1,1,1,,,
Favero Assioma Uno Power Meter Pedals,1,1,1,1,1,1,,,
Stages Ultegra R8000 Power LR Power Meter Crankset,1,1,1,1,1,1,,,
Stages XT M8000 Power L Power Meter Crankarm,1,1,1,1,1,1,,,
QUARQ Red DZero Compact BB30 Power Meter Crankset,1,1,1,1,1,1,,,
SRM EXAKT Single Power Meter Pedals,1,1,1,1,1,1,,,
ESI Chunky Silicone Grips,1,1,1,1,1,1,,,
DMR Brendog Death Grip Lock On Grips,1,1,1,1,1,1,,,
SIXPACK-RACING Kamikaze 780 20 mm 31.8 Riser Lenker,1,1,1,1,1,1,,,
BBB Extender BHP-20/BHP-21 Adapter for Ahead Stems,1,1,1,1,1,1,,,
SRAM Lockring Foam Grips,1,1,1,1,1,1,,,
Hope ZS44/28.6 2 Headset Upper Cup,1,1,1,1,1,1,,,
Truvativ Hussefelt Comp 40 mm 31.8 Riser Handlebars,1,1,1,1,1,1,,,
Race Face Grippler Lock On Grips,1,1,1,1,1,1,,,
Magura Vyron eLECT Dropper Post w/ eLECT Remote - 2018 Model,1,1,1,1,1,1,,,
OneUp Components 170 mm Dropper Post w/ Clamp Remote Lever,1,1,1,1,1,1,,,
BikeYoke Revive 2.0 185 mm Dropper Post incl. Triggy Remote for 1x,1,1,1,1,1,1,,,
Cane Creek Reducer for 27.2 mm Seatposts,1,1,1,1,1,1,,,
"RockShox Reverb Stealth 150 mm Seatpost, Left MMX Remote - 2017 Model",1,1,1,1,1,1,,,
Wolf Tooth Components ReMote,1,1,1,1,1,1,,,
Procraft PRC SP2 Carbon Sattelstütze,1,1,1,1,1,1,,,
"RockShox Reverb 125 mm Seatpost, Right MMX Remote - 2017 Model",1,1,1,1,1,1,,,
SDG Tellis 150 mm Dropper Post,1,1,1,1,1,1,,,
crankbrothers Highline 125 mm Dropper Post w/ Remote,1,1,1,1,1,1,,,
"RockShox Reverb Stealth 170 mm Seatpost, Left MMX Remote - 2017 Model",1,1,1,1,1,1,,,
RockShox Remote Lever w/ Matchmaker for Reverb Models as of 2014,1,1,1,1,1,1,,,
RockShox 1x Remote Upgrade Kit for Reverb Models as of 2013,1,1,1,1,1,1,,,
Ritchey Comp Trail Zero Seatpost,1,1,1,1,1,1,,,
"RockShox Reverb Stealth 125 mm Seatpost, Right MMX Remote - 2017 Model",1,1,1,1,1,1,,,
Shimano EW-WU111 Di2 Wireless Unit,1,1,1,1,1,1,,,
Shimano EW-SD50 Power Cable for Di2,1,1,1,1,1,1,,,
Shimano EW-SD50 Power Cable for Di2,1,1,1,1,1,1,,,
Shimano Deore Shadow RD-M592 9-speed Rear Derailleur,1,1,1,1,1,1,,,
SRAM X01 Eagle Type 2.1 12-speed Rear Derailleur - 2017 Model,1,1,1,1,1,1,,,
Shimano RD-M7000-11 SLX Shadow Plus 11-speed Rear Derailleur,1,1,1,1,1,1,,,
Shimano Deore FD-M590 / FD-M591 66-69 ° 3-/9-speed Front Derailleur,1,1,1,1,1,1,,,
SRAM Shifter Clamp Kit for  XX1 / X01 / XX / X0 / X9 / X7 Trigger Shifters,1,1,1,1,1,1,,,
Shimano XTR RD-M986 10-speed Shadow Plus Rear Derailleur,1,1,1,1,1,1,,,
Magura Shiftmix 1+2 Handlebar Clamp for Shimano I-Spec / I-Spec II,1,1,1,1,1,1,,,
SRAM Apex WiFLi™ 10-speed Rear Derailleur,1,1,1,1,1,1,,,
Jagwire Sport Stainless Steel Shifter Cable for Shimano/Sram,1,1,1,1,1,1,,,
Jagwire Mini Inline Adjusters for Shifter Cables,1,1,1,1,1,1,,,
Shimano Alivio SL-M4000 3-/9-speed Shifter,1,1,1,1,1,1,,,
Shimano Alivio SL-M4000 3-/9-speed Shifter,1,1,1,1,1,1,,,
SRAM GX Eagle 12-speed Grip Shift - 2018 Model,1,1,1,1,1,1,,,
Jagwire Sealed Aluminium End Caps for Shifter Cable Housings,1,1,1,1,1,1,,,
Shimano Alivio RD-T4000 9-speed Rear Derailleur,1,1,1,1,1,1,,,
Jagwire Mountain Elite Sealed Shifter Cable Set,1,1,1,1,1,1,,,
Shimano OT-SP41 Stainless Steel Road Shifter Cable Set,1,1,1,1,1,1,,,
Shimano Upper Cover for SL-M7000-I I-Spec II,1,1,1,1,1,1,,,
Shimano ST-R7025 105 STI 2-/11-speed Shift / Brake Levers,1,1,1,1,1,1,,,
SRAM Pulley Wheels for X7 / X9 / X0 2010-2011 Models,1,1,1,1,1,1,,,
Shimano Tiagra SL-4600 / SL-4603 2-/3-/10-speed Shifters,1,1,1,1,1,1,,,
Shimano Upper Cover for SL-M780,1,1,1,1,1,1,,,
Shimano Upper Cover for SL-M780,1,1,1,1,1,1,,,
Problem Solvers Front Derailleur Clamp w/ Pulley for Cyclocross,1,1,1,1,1,1,,,
Jagwire Sport Mickey Adjusting Barrels,1,1,1,1,1,1,,,
Shimano Derailleur Pulleys for SLX Deore 10-speed - 1 Pair,1,1,1,1,1,1,,,
Jagwire Road Elite Sealed Shifter Cable Set,1,1,1,1,1,1,,,
Shimano OT-SP41 Polymer Road Shifter Cable Set - Closeout,1,1,1,1,1,1,,,
"Marzocchi Bomber Z1 29"" 51 Offset Boost Federgabel",1,1,1,1,1,1,,,
"RockShox Paragon Gold RL Solo Air 28"" Disc Suspension Fork",1,1,1,1,1,1,,,
"RockShox Recon Silver TK Solo Air 26"" Suspension Fork - 2018 Model",1,1,1,1,1,1,,,
RockShox Solo Air Air Shaft Pike / Lyrik / Yari,1,1,1,1,1,1,,,
Fox Racing Shox Token Volume Spacer for 36 Float Suspension Fork Models as of 2018,1,1,1,1,1,1,,,
RockShox Spare Spring for BoXXer / Domain Dual Crown,1,1,1,1,1,1,,,
"RockShox BoXXer World Cup Solo Air 42 Offset 26"" Suspension Fork - Closeout",1,1,1,1,1,1,,,
"tubolito Tubo-Road-700c 28"" Tube",1,1,1,1,1,1,,,
Continental MTB 26 Tube,1,1,1,1,1,1,,,
"tubolito Tubo-MTB 29"" Tube",1,1,1,1,1,1,,,
"tubolito Tubo-MTB 29"" Tube",1,1,1,1,1,1,,,
"tubolito Tubo-MTB 29"" Tube",1,1,1,1,1,1,,,
tubolito Tubo-MTB 27.5+ Tube,1,1,1,1,1,1,,,
Continental Race 26 Light Tube,1,1,1,1,1,1,,,
RockShox Monarch RT3 DebonAir Rear Shock,1,1,1,1,1,1,,,
RockShox Monarch Plus RC3 DebonAir Rear Shock,1,1,1,1,1,1,,,
RockShox Monarch Plus RC3 DebonAir Rear Shock,1,1,1,1,1,1,,,
RockShox Eyelet Bushing for 8 mm Struts - Monarch/Kage/Vivid/Ario as of 2010,1,1,1,1,1,1,,,
RockShox Eyelet Bushing for 8 mm Struts - Monarch/Kage/Vivid/Ario as of 2010,1,1,1,1,1,1,,,
RockShox Vivid Air R2C Rear Shock,1,1,1,1,1,1,,,
rie:sel frame:guard x Frame Protection,1,1,1,1,1,1,,,
MarshGuard Slapper Tape Chainstay Protection,1,1,1,1,1,1,,,
MarshGuard Slapper Tape Chainstay Protection,1,1,1,1,1,1,,,
Lizard Skins Frame Protector Unterrohrschutzfolie L Transparent,1,1,1,1,1,1,,,
BBB TubeSkin BBP-60 Downtube Adhesive Pad,1,1,1,1,1,1,,,
Procraft Neo Chainstay Protector,1,1,1,1,1,1,,,
BBB StayGuard BBP-12 Chainstay Protector,1,1,1,1,1,1,,,
BBB StayGuard BBP-12 Chainstay Protector,1,1,1,1,1,1,,,
Liteville Double Cable Guide for Liteville,1,1,1,1,1,1,,,
BBB BikeSkin BBP-50/BBP-51 Frame Protection Set,1,1,1,1,1,1,,,
SDG Fly MTN Camo Bolt Saddle w/ CroMo Rails,1,1,1,1,1,1,,,
Fizik Aliante Gamma K:ium Saddle,1,1,1,1,1,1,,,
Shimano 105 CS-5700 Cassette + CN-6701 10-speed Chain Set,1,1,1,1,1,1,,,
Shimano FC-6800 Ultegra 11-speed Chainring,1,1,1,1,1,1,,,
Shimano SM-BB94-41A Hollowtech II Pressfit 41 x 89.5-92 mm Bottom Bracket,1,1,1,1,1,1,,,
Truvativ Descendant Downhill GXP 10-/11-speed Crankset,1,1,1,1,1,1,,,
"TA Kettenblatt Single, 4-Arm, 104 mm Lochkreis",1,1,1,1,1,1,,,
SRAM PC 1031 10-speed Chain,1,1,1,1,1,1,,,
e*thirteen LG1 Chain Guide incl. Bash Guard,1,1,1,1,1,1,,,
Shimano Disc Brake Adapter for 180 mm Rotors,1,1,1,1,1,1,,,
Magura Shiftmix Handlebar Clamp,1,1,1,1,1,1,,,
Hope Floating Vented 6-bolt Tech 3 V4 Brake Rotor,1,1,1,1,1,1,,,
"Panaracer GravelKing TR 28"" Folding Tyre",1,1,1,1,1,1,,,
"Michelin Dynamic Classic Pro 28"" Wired Tyre",1,1,1,1,1,1,,,
Schwalbe Valve Extensions,1,1,1,1,1,1,,,
Schwalbe Universal MTB Tubeless Kit,1,1,1,1,1,1,,,
SRAM XX1 Eagle 1x12-speed Upgrade Kit,1,1,1,1,1,1,,,
Schwalbe Universal MTB Tubeless Kit,1,1,1,1,1,1,,,
Syntace X-12 Thru-Axle,1,1,1,1,1,1,,,
Hope Conversion Kit for Pro 4 Hubs,1,1,1,1,1,1,,,
Favero Assioma Duo Power Meter Pedals,1,1,1,1,1,1,,,
Garmin Vector 3 Power Meter Pedals,1,1,1,1,1,1,,,
"Cane Creek Thudbuster LT XL Seatpost, 450 mm",1,1,1,1,1,1,,,
Procraft PRC SPC1 Carbon Seatpost Clamp,1,1,1,1,1,1,,,
Kind Shock LEV DX 125/385 mm Dropper Post w/ Remote,1,1,1,1,1,1,,,
Shimano RD-R8000 11-speed Ultegra Shadow Rear Derailleur,1,1,1,1,1,1,,,
Magura Shiftmix Handlebar Clamp,1,1,1,1,1,1,,,
Shimano Upper Cover for SL-M780,1,1,1,1,1,1,,,
Jagwire Plastic Ferrules for Shifter Cable Housings - Sealed,1,1,1,1,1,1,,,
Shimano TL-FD68 Alignment Tool,1,1,1,1,1,1,,,
"tubolito Tubo-MTB 29"" Tube",1,1,1,1,1,1,,,
"tubolito Tubo-MTB 29"" Tube",1,1,1,1,1,1,,,
Challenge Latex Cross Tube,1,1,1,1,1,1,,,
Vittoria Lite Tube,1,1,1,1,1,1,,,
All Mountain Style Frame Guards,1,1,1,1,1,1,,,
Lizard Skins Frame Protector Kettenstrebenschutzfolie S Carbon Leather,1,1,1,1,1,1,,,
tune Speedneedle Saddle w/ Alcantara,1,1,1,1,1,1,,,
TRP HY/RD Brake Caliper,1,1,1,1,1,1,,,
"Panaracer GravelKing TR 28"" Folding Tyre",1,1,1,1,1,1,,,
Brooks Swift Titanium Saddle,1,1,1,1,1,1,,,
Suntour NCX SP12 Suspension Seatpost,1,1,1,1,1,1,,,
Ritchey WCS Link Seatpost,1,1,1,1,1,1,,,
"Cane Creek Thudbuster LT XL Seatpost, 450 mm",1,1,1,1,1,1,,,
KCNC Ti Pro Lite Sattelstütze 350 mm für Carbon-Gestelle,1,1,1,1,1,1,,,
Brooks B17 Standard Saddle,1,1,1,1,1,1,,,
Brooks B17 Standard Saddle,1,1,1,1,1,1,,,
Brooks B17 Standard Saddle,1,1,1,1,1,1,,,
Brooks B17 Standard Saddle,1,1,1,1,1,1,,,
SQlab 611 Ergowave active Saddle,1,1,1,1,1,1,,,
SQlab 611 Ergowave active Saddle,1,1,1,1,1,1,,,
SQlab 611 Ergowave active Saddle,1,1,1,1,1,1,,,
Brooks B17 Imperial Saddle,1,1,1,1,1,1,,,
Ergon SMC4 Comp Gel Saddle,1,1,1,1,1,1,,,
Brooks Cambium C17 All Weather Saddle,1,1,1,1,1,1,,,
Brooks Cambium C17 Saddle,1,1,1,1,1,1,,,
Ergon SMC4 Sport Gel Saddle,1,1,1,1,1,1,,,
Brooks Cambium C17 Carved All Weather Saddle,1,1,1,1,1,1,,,
Brooks Cambium C17 Carved All Weather Saddle,1,1,1,1,1,1,,,
tune Speedneedle Saddle w/ Alcantara,1,1,1,1,1,1,,,
tune Speedneedle Saddle w/ Alcantara,1,1,1,1,1,1,,,
Brooks Cambium C15 Saddle,1,1,1,1,1,1,,,
Brooks Cambium C15 Carved All Weather Saddle,1,1,1,1,1,1,,,
Brooks B67 Saddle,1,1,1,1,1,1,,,
WTB Rocket Comp Saddle,1,1,1,1,1,1,,,
Procraft Race Titanium Saddle,1,1,1,1,1,1,,,
Brooks B15 Swallow Titanium Saddle,1,1,1,1,1,1,,,
tune Speedneedle Marathon Saddle w/ Leather,1,1,1,1,1,1,,,
tune Speedneedle Marathon Saddle w/ Leather,1,1,1,1,1,1,,,
tune Speedneedle Marathon Saddle w/ Leather,1,1,1,1,1,1,,,
tune Speedneedle Marathon Saddle w/ Leather,1,1,1,1,1,1,,,
Brooks Flyer S Ladies’ Saddle,1,1,1,1,1,1,,,
Procraft Race Titanium II Saddle,1,1,1,1,1,1,,,
Brooks Flyer Special Saddle,1,1,1,1,1,1,,,
Brooks B17 Narrow Imperial Saddle,1,1,1,1,1,1,,,
Brooks B17 Narrow Imperial Saddle,1,1,1,1,1,1,,,
Selle Italia Flite Flow Saddle,1,1,1,1,1,1,,,
fabric Scoop Flat Elite Saddle,1,1,1,1,1,1,,,
Brooks Swift Titanium Saddle,1,1,1,1,1,1,,,
SDG Bel Air RL Saddle w/ CrMo Rails,1,1,1,1,1,1,,,
Brooks Team Professional Classic Saddle,1,1,1,1,1,1,,,
Fizik Tundra M1 Saddle,1,1,1,1,1,1,,,
WTB Volt Team Sattel,1,1,1,1,1,1,,,
Ergon SMA3 Sport Saddle,1,1,1,1,1,1,,,
Ritchey WCS Carbon Streem Saddle,1,1,1,1,1,1,,,
Ergon SFC3 Evo Gel Sattel,1,1,1,1,1,1,,,
SQlab 611 Ergowave® Liteville Carbon Saddle,1,1,1,1,1,1,,,
SQlab 611 Ergowave® Liteville Carbon Saddle,1,1,1,1,1,1,,,
Fizik Antares R3 Versus Evo Saddle - 2018 Model,1,1,1,1,1,1,,,
tune Speedneedle Saddle w/ Leather,1,1,1,1,1,1,,,
SDG Ti-Fly Storm Sam Hill Saddle,1,1,1,1,1,1,,,
WTB Rocket Team Saddle,1,1,1,1,1,1,,,
SDG I-Fly 2.0 I-Beam Saddle,1,1,1,1,1,1,,,
Campagnolo Neutron Ultra Wheelset,1,1,1,1,1,1,,,
Swissstop FlashPro Cartridge Brake Pads for Shimano BR-9000/SRAM Brakes,1,1,1,1,1,1,,,
SRAM PowerLink™ Master Link,1,1,1,1,1,1,,,
BBB MountainHigh BPD-32 MTB Platform Pedals,1,1,1,1,1,1,,,
Shimano BR-M820 Saint Front and Rear Disc Brake Set,1,1,1,1,1,1,,,
Shimano Deore BL-T611 Brake Lever,1,1,1,1,1,1,,,
Shimano ST-R7000 105 STI 2-/11-speed Shift / Brake Levers,1,1,1,1,1,1,,,
TRP CX8.4 Mini V-Brake Set,1,1,1,1,1,1,,,
"Schwalbe G-One Allround Evolution 28"" Folding Tyre",1,1,1,1,1,1,,,
"Continental Grand Prix 28"" Folding Tyre",1,1,1,1,1,1,,,
"Continental Speed King RaceSport 26"" Folding Tyre",1,1,1,1,1,1,,,
Schwalbe G-One Speed Evolution V-Guard 28” Folding Tyre,1,1,1,1,1,1,,,
Schwalbe G-One Speed Evolution V-Guard 28” Folding Tyre,1,1,1,1,1,1,,,
"Panaracer Pasela ProTite 28"" Folding Tyre",1,1,1,1,1,1,,,
"Continental Contact Speed 26"" Wired Tyre",1,1,1,1,1,1,,,
"Schwalbe Magic Mary Evolution ADDIX Ultra Soft Super Gravity 27.5"" Folding",1,1,1,1,1,1,,,
"Schwalbe Big Apple 28"" Wired Tyre",1,1,1,1,1,1,,,
"Schwalbe Marathon Mondial Evolution 28"" Folding Tyre",1,1,1,1,1,1,,,
VELOFLEX Master 25 Folding Tyre Set,1,1,1,1,1,1,,,
"Continental Mountain King 2.3 ProTection 29"" Folding Tyre - 2018 Model",1,1,1,1,1,1,,,
Panaracer Pasela ProTite 26“ Folding Tyre,1,1,1,1,1,1,,,
"Michelin Power Gravel 28"" Folding Tyre - 2018 Model",1,1,1,1,1,1,,,
"Schwalbe Big Apple Plus 28"" Wired Tyre",1,1,1,1,1,1,,,
Mavic Cosmic Elite UST WTS Wheelset - 2018 Model,1,1,1,1,1,1,,,
Fulcrum Racing Zero Wheelset - 2017 Model,1,1,1,1,1,1,,,
Renthal Apex™ 35 Vorbau,1,1,1,1,1,1,,,
Ergon GA2 Grips - 2018 Model,1,1,1,1,1,1,,,
DMR Brendog Death Grip Lock On Grips,1,1,1,1,1,1,,,
Lizard Skins DSP 2.5 Handlebar Tape,1,1,1,1,1,1,,,
Lizard Skins DSP 2.5 Handlebar Tape,1,1,1,1,1,1,,,
Lizard Skins DSP 2.5 Handlebar Tape,1,1,1,1,1,1,,,
ODI Rogue Bonus Pack Grips,1,1,1,1,1,1,,,
Ritchey WCS Ture Grips,1,1,1,1,1,1,,,
Ritchey WCS Ture Grips,1,1,1,1,1,1,,,
Ritchey WCS Ture Grips,1,1,1,1,1,1,,,
Ritchey WCS Ture Grips,1,1,1,1,1,1,,,
Procraft Gel Handlebar Tape,1,1,1,1,1,1,,,
Ritchey Comp EvoMax 31.8 Handlebars,1,1,1,1,1,1,,,
Ergon GE1 Evo Factory Grips - 2018 Model,1,1,1,1,1,1,,,
Fizik Microtex Superlight Handlebar Tape,1,1,1,1,1,1,,,
Ergon GS1 Grips,1,1,1,1,1,1,,,
SQlab Inner Bar Ends 411,1,1,1,1,1,1,,,
DEDA Mistral Handlebar Tape,1,1,1,1,1,1,,,
Suntour NCX SP12 Suspension Seatpost,1,1,1,1,1,1,,,
"Cane Creek Thudbuster ST Seatpost, 350 mm",1,1,1,1,1,1,,,
"Cane Creek Thudbuster ST Seatpost, 350 mm",1,1,1,1,1,1,,,
Procraft PRC SP2 Carbon Sattelstütze,1,1,1,1,1,1,,,
Shimano Deore Shadow RD-M610 10-speed Rear Derailleur,1,1,1,1,1,1,,,
Campagnolo Veloce Power Shift™ Ergopower™ 2x10-speed Shift/Brake Levers,1,1,1,1,1,1,,,
Campagnolo Veloce Power Shift™ Ergopower™ 2x10-speed Shift/Brake Levers,1,1,1,1,1,1,,,
XLC PU-H03 Suspension Pump,1,1,1,1,1,1,,,
"RockShox Suspension Pump, 40 bar",1,1,1,1,1,1,,,
"Salsa CroMoto Grande Disc 29"" Starrgabel",1,1,1,1,1,1,,,
"Michelin A1 Aircomp Latex Road 28"" Tube",1,1,1,1,1,1,,,
Ergon SMC4 Saddle,1,1,1,1,1,1,,,
Ergon SMC4 Saddle,1,1,1,1,1,1,,,
tune Speedneedle Saddle w/ Alcantara,1,1,1,1,1,1,,,
Brooks B17 S Standard Ladies’ Saddle,1,1,1,1,1,1,,,
Brooks B17 S Standard Ladies’ Saddle,1,1,1,1,1,1,,,
Brooks Cambium C15 Saddle,1,1,1,1,1,1,,,
Brooks B67 Saddle,1,1,1,1,1,1,,,
Selle Italia Flite 1990 Vintage Saddle,1,1,1,1,1,1,,,
Procraft Race Titanium Saddle,1,1,1,1,1,1,,,
tune Speedneedle Marathon Saddle w/ Leather,1,1,1,1,1,1,,,
tune Speedneedle Marathon Saddle w/ Leather,1,1,1,1,1,1,,,
Brooks Swift Chrome Saddle,1,1,1,1,1,1,,,
Brooks Swift Chrome Saddle,1,1,1,1,1,1,,,
Brooks Swift Chrome Saddle,1,1,1,1,1,1,,,
Brooks Swift Chrome Saddle,1,1,1,1,1,1,,,
Selle Italia Flite Flow Saddle,1,1,1,1,1,1,,,
Brooks Flyer Imperial Saddle,1,1,1,1,1,1,,,
Selle Italia SLR Kit Carbonio Saddle,1,1,1,1,1,1,,,
Selle Italia Sport Gel Flow Saddle,1,1,1,1,1,1,,,
Selle Italia Flite Team Edition Flow Sattel,1,1,1,1,1,1,,,
SQlab 603 Soft Saddle,1,1,1,1,1,1,,,
Ritchey Comp Streem Saddle,1,1,1,1,1,1,,,
Ritchey WCS Carbon Streem Saddle,1,1,1,1,1,1,,,
Procraft Comfort Saddle,1,1,1,1,1,1,,,
Procraft Sport Touring Gel Saddle,1,1,1,1,1,1,,,
Race Face Aeffect Sattel,1,1,1,1,1,1,,,
Ergon Fitting Box,1,1,1,1,1,1,,,
Cinelli Nemo Tig Rahmenkit,1,1,1,1,1,1,,,
Brooks B17 Standard Saddle,1,1,1,1,1,1,,,
Brooks Flyer Special Saddle,1,1,1,1,1,1,,,
Shimano BR-M8020 XT Brake Caliper with H01A Brake Pads,1,1,1,1,1,1,,,
KCNC Ti Pro Lite AL75 Sattelstütze 350 mm,1,1,1,1,1,1,,,
Brooks B15 Swallow Chrome Saddle,1,1,1,1,1,1,,,
Fizik Arione R3 K:ium Saddle,1,1,1,1,1,1,,,
Brooks B17 Standard Saddle,1,1,1,1,1,1,,,
SQlab 611 CrMo Saddle,1,1,1,1,1,1,,,
Brooks Flyer Special Saddle,1,1,1,1,1,1,,,
Brooks Flyer Special Saddle,1,1,1,1,1,1,,,
Ritchey Classic Saddle,1,1,1,1,1,1,,,
Brooks Nylon Raincover for Brooks Saddles,1,1,1,1,1,1,,,
Selle Italia Turbo 1980 Vintage Nubuk Saddle,1,1,1,1,1,1,,,
OneUp Components Switch Oval Chainring Carrier System for SRAM,1,1,1,1,1,1,,,
Hope Easy Bleed Kit for Tech 3 incl. Brake Fluid,1,1,1,1,1,1,,,
Syntace Racelite Carbon 31.8 Handlebars,1,1,1,1,1,1,,,
Suntour NCX SP12 Suspension Seatpost,1,1,1,1,1,1,,,
Thomson Elite Seatpost,1,1,1,1,1,1,,,
"Cane Creek Thudbuster ST Seatpost, 350 mm",1,1,1,1,1,1,,,
"RockShox Reverb Stealth 150 mm Seatpost, Left MMX Remote - 2017 Model",1,1,1,1,1,1,,,
Procraft PRC SP2 Carbon Sattelstütze,1,1,1,1,1,1,,,
crankbrothers Highline 125 mm Dropper Post w/ Remote,1,1,1,1,1,1,,,
crankbrothers Highline 125 mm Dropper Post w/ Remote,1,1,1,1,1,1,,,
Ritchey WCS Carbon 1-bolt Seatpost,1,1,1,1,1,1,,,
Hope Seatpost Clamp w/ Quick Release,1,1,1,1,1,1,,,
Race Face Ride XC Sattelstütze,1,1,1,1,1,1,,,
tune Würger Sattelklemme,1,1,1,1,1,1,,,
"tune Starkes Stück Seatpost, 340 mm",1,1,1,1,1,1,,,
"tune Starkes Stück Seatpost, 340 mm",1,1,1,1,1,1,,,
Ritchey WCS 1-bolt Seatpost,1,1,1,1,1,1,,,
"Procraft Classic 2Bolt Seatpost, 400 mm",1,1,1,1,1,1,,,
Ritchey Superlogic Link FlexLogic™ Carbon Sattelstütze,1,1,1,1,1,1,,,
PRO Performance Seatpost Clamp,1,1,1,1,1,1,,,
Kind Shock LEV 125/385 mm Dropper Post w/ Remote,1,1,1,1,1,1,,,
Kind Shock LEV Integra 150/435 mm Dropper Post with Remote - 2016 Model,1,1,1,1,1,1,,,
Ritchey Comp Trail Zero Seatpost,1,1,1,1,1,1,,,
"LEVELNINE Race Stealth Seatpost, 350 mm",1,1,1,1,1,1,,,
"Cane Creek Thudbuster LT XL Seatpost, 450 mm",1,1,1,1,1,1,,,
"Cane Creek Thudbuster LT XL Seatpost, 450 mm",1,1,1,1,1,1,,,
"Cane Creek Thudbuster LT XL Seatpost, 450 mm",1,1,1,1,1,1,,,
Procraft Pro Seatpost Clamp Bolt,1,1,1,1,1,1,,,
Race Face Chester Sattelstütze,1,1,1,1,1,1,,,
Ergon Flip Head Kit,1,1,1,1,1,1,,,
crankbrothers Cobalt 3 Seatpost,1,1,1,1,1,1,,,
crankbrothers Cobalt 3 Seatpost,1,1,1,1,1,1,,,
Easton EA50 Sattelstütze,1,1,1,1,1,1,,,
Kind Shock LEV DX 150/435 mm Dropper Post w/ Remote,1,1,1,1,1,1,,,
KCNC Ti Pro Lite Sattelstütze 350 mm für Carbon-Gestelle,1,1,1,1,1,1,,,
crankbrothers Remote Kit for Highline,1,1,1,1,1,1,,,
Shimano SM-JC40/JC41 Junction Box for Di2,1,1,1,1,1,1,,,
Topeak Rescue Box Patch Kit,1,1,1,1,1,1,,,
"Schwalbe Tube No. 1 for 12"" Tyres",1,1,1,1,1,1,,,
"Schwalbe MTB/City & Touring 27.5/29"" Saddle Bag",1,1,1,1,1,1,,,
Brooks B17 Standard Saddle,1,1,1,1,1,1,,,
Brooks B17 Standard Saddle,1,1,1,1,1,1,,,
Brooks B17 Standard Saddle,1,1,1,1,1,1,,,
Brooks B17 Standard Saddle,1,1,1,1,1,1,,,
Brooks B17 Standard Saddle,1,1,1,1,1,1,,,
SQlab 611 Ergowave active Saddle,1,1,1,1,1,1,,,
SQlab 611 Ergowave active Saddle,1,1,1,1,1,1,,,
SQlab 612 Ergowave active Saddle,1,1,1,1,1,1,,,
SQlab 612 Ergowave active Saddle,1,1,1,1,1,1,,,
SQlab 612 Ergowave Saddle,1,1,1,1,1,1,,,
SQlab 612 Ergowave Saddle,1,1,1,1,1,1,,,
SQlab 612 Ergowave Saddle,1,1,1,1,1,1,,,
tune Komm-Vor Carbon Saddle,1,1,1,1,1,1,,,
tune Komm-Vor Carbon Saddle,1,1,1,1,1,1,,,
Brooks B17 Imperial Saddle,1,1,1,1,1,1,,,
Brooks Cambium C17 All Weather Saddle,1,1,1,1,1,1,,,
Ergon SMC4 Saddle,1,1,1,1,1,1,,,
Fizik Antares R5 Open Saddle,1,1,1,1,1,1,,,
SQlab 612 Ergowave Carbon Saddle,1,1,1,1,1,1,,,
SQlab 612 Ergowave Carbon Saddle,1,1,1,1,1,1,,,
SQlab 611 CrMo Saddle,1,1,1,1,1,1,,,
SQlab 611 CrMo Saddle,1,1,1,1,1,1,,,
SQlab 611 CrMo Saddle,1,1,1,1,1,1,,,
SQlab 611 CrMo Saddle,1,1,1,1,1,1,,,
SQlab 611 CrMo Saddle,1,1,1,1,1,1,,,
SQlab 611 CrMo Saddle,1,1,1,1,1,1,,,
SQlab 611 CrMo Saddle,1,1,1,1,1,1,,,
SQlab 611 CrMo Saddle,1,1,1,1,1,1,,,
SQlab 611 CrMo Saddle,1,1,1,1,1,1,,,
SQlab 611 CrMo Saddle,1,1,1,1,1,1,,,
SQlab 611 CrMo Saddle,1,1,1,1,1,1,,,
SQlab 611 CrMo Saddle,1,1,1,1,1,1,,,
SQlab 611 CrMo Saddle,1,1,1,1,1,1,,,
Brooks Cambium C17 Carved All Weather Saddle,1,1,1,1,1,1,,,
tune Speedneedle Saddle w/ Alcantara,1,1,1,1,1,1,,,
SQlab 6OX Ergowave active Sattel,1,1,1,1,1,1,,,
SQlab 6OX Ergowave active Sattel,1,1,1,1,1,1,,,
SQlab 611 Ergowave® CrMo Saddle,1,1,1,1,1,1,,,
Fizik Aliante R5 Open Saddle,1,1,1,1,1,1,,,
Brooks Cambium C15 Saddle,1,1,1,1,1,1,,,
Selle Italia SLR Kit Carbonio Flow Saddle,1,1,1,1,1,1,,,
Ergon SME3 Pro Titanium Sattel,1,1,1,1,1,1,,,
Brooks B67 Saddle,1,1,1,1,1,1,,,
Selle Italia Flite 1990 Vintage Saddle,1,1,1,1,1,1,,,
Selle Italia Flite 1990 Vintage Saddle,1,1,1,1,1,1,,,
WTB Volt Pro Sattel,1,1,1,1,1,1,,,
WTB Volt Pro Sattel,1,1,1,1,1,1,,,
Selle Italia Max SLR Gel Flow Saddle,1,1,1,1,1,1,,,
SQlab 610 Ergolux Saddle,1,1,1,1,1,1,,,
Procraft Race Titanium Saddle,1,1,1,1,1,1,,,
Procraft Race Titanium Saddle,1,1,1,1,1,1,,,
Procraft Race Titanium Saddle,1,1,1,1,1,1,,,
Procraft Race Titanium Saddle,1,1,1,1,1,1,,,
tune Speedneedle Marathon Saddle w/ Leather,1,1,1,1,1,1,,,
Procraft Race Titanium II Saddle,1,1,1,1,1,1,,,
Brooks B17 Special Saddle,1,1,1,1,1,1,,,
Brooks B17 Special Saddle,1,1,1,1,1,1,,,
Brooks Flyer Special Saddle,1,1,1,1,1,1,,,
Brooks Flyer Special Saddle,1,1,1,1,1,1,,,
Brooks B17 Narrow Saddle,1,1,1,1,1,1,,,
Brooks B17 Narrow Imperial Saddle,1,1,1,1,1,1,,,
Brooks Nylon Raincover for Brooks Saddles,1,1,1,1,1,1,,,
Brooks Nylon Raincover for Brooks Saddles,1,1,1,1,1,1,,,
Brooks Nylon Raincover for Brooks Saddles,1,1,1,1,1,1,,,
SQlab 611 Ergowave Carbon Saddle,1,1,1,1,1,1,,,
Ergon SMD2 Comp Saddle,1,1,1,1,1,1,,,
fabric Scoop Flat Elite Saddle,1,1,1,1,1,1,,,
Brooks Cambium C15 All Weather Saddle,1,1,1,1,1,1,,,
Brooks Team Professional Chrome Saddle,1,1,1,1,1,1,,,
Brooks B17 S Imperial Women's Saddle,1,1,1,1,1,1,,,
SDG Bel Air RL Saddle w/ Ti-Alloy Rails,1,1,1,1,1,1,,,
VAUDE Raincover for Saddles,1,1,1,1,1,1,,,
Selle Italia Flite Saddle,1,1,1,1,1,1,,,
SQlab 603 Soft Saddle,1,1,1,1,1,1,,,
WTB Volt Carbon Sattel,1,1,1,1,1,1,,,
WTB Volt Team Sattel,1,1,1,1,1,1,,,
WTB Volt Team Sattel,1,1,1,1,1,1,,,
fabric Scoop Radius Elite Saddle,1,1,1,1,1,1,,,
Ergon SFC3 Evo Gel Sattel,1,1,1,1,1,1,,,
SQlab 611 Ergowave Saddle,1,1,1,1,1,1,,,
SQlab 611 Ergowave® Liteville S-Tube Saddle,1,1,1,1,1,1,,,
SDG Fly MTN Camo Bolt Saddle w/ CroMo Rails,1,1,1,1,1,1,,,
Selle Italia X-LR TI 316 Sattel,1,1,1,1,1,1,,,
SDG Bel Air SL Saddle,1,1,1,1,1,1,,,
tune Speedneedle Saddle w/ Leather,1,1,1,1,1,1,,,
SQlab 621 active Saddle,1,1,1,1,1,1,,,
Selle Italia Turbo 1980 Vintage Nubuk Saddle,1,1,1,1,1,1,,,
Selle Italia Turbo 1980 Vintage Nubuk Saddle,1,1,1,1,1,1,,,
Brooks Team Professional Titanium Saddle,1,1,1,1,1,1,,,
Brooks B190 Saddle,1,1,1,1,1,1,,,
Fizik Aliante Gamma K:ium Saddle,1,1,1,1,1,1,,,
Selle Italia SLR Friction Free Flow Saddle,1,1,1,1,1,1,,,
Ergon SMR3 Pro Saddle,1,1,1,1,1,1,,,
WTB Rocket Pro Saddle,1,1,1,1,1,1,,,
WTB Rocket Race Saddle,1,1,1,1,1,1,,,
Cinelli Unicanitor CMX Sattel,1,1,1,1,1,1,,,
Fizik Arione R3 K:ium Saddle,1,1,1,1,1,1,,,
Fizik Antares R1 Carbon Saddle,1,1,1,1,1,1,,,
Shimano CN-HG93 9-speed Chain,1,1,1,1,1,1,,,
Shimano CN-HG701-11 11-speed Ultegra / XT / E-Bike Quick-Link Chain,1,1,1,1,1,1,,,
Shimano 105 CS-R7000 11-speed Cassette,1,1,1,1,1,1,,,
Shimano PD-M8000 XT Clipless Pedals,1,1,1,1,1,1,,,
Shimano Acera FC-M361 Crankset w/ Bash Guard,1,1,1,1,1,1,,,
Shimano Acera FC-M361 Crankset w/ Bash Guard,1,1,1,1,1,1,,,
Shimano XT FC-M8000-1 Hollowtech II Crank,1,1,1,1,1,1,,,
SRAM PG-1170 11-speed Cassette,1,1,1,1,1,1,,,
SRAM PG-1170 11-speed Cassette,1,1,1,1,1,1,,,
SRAM PG-1170 11-speed Cassette,1,1,1,1,1,1,,,
Shimano Cage/Clipless PD-M324 Pedals,1,1,1,1,1,1,,,
Truvativ X0 / X9 / X7 / X5 MTB 4-Arm 104 mm BCD Chainring,1,1,1,1,1,1,,,
Shimano CS-HG51-8 8-speed Cassette,1,1,1,1,1,1,,,
Shimano FC-6800 Ultegra 11-speed Chainring,1,1,1,1,1,1,,,
Race Face Atlas Platform Pedals,1,1,1,1,1,1,,,
Shimano Ultegra CS-6800 11-speed Cassette,1,1,1,1,1,1,,,
Shimano FC-M782 XT 10-speed Chainring,1,1,1,1,1,1,,,
Shimano CN-6600 10-speed Ultegra / Dura Ace / 105 Chain,1,1,1,1,1,1,,,
FSA BB30 to BSA Bottom Bracket Adapter,1,1,1,1,1,1,,,
DMR Vault Pedal Sercie Kit,1,1,1,1,1,1,,,
Shimano SM-RT86 6-bolt Brake Rotor for XT Brakes,1,1,1,1,1,1,,,
Shimano BR-M820 Saint Front and Rear Disc Brake Set,1,1,1,1,1,1,,,
Magura MT7 Pro HC Carbotecture® Disc Brake Set,1,1,1,1,1,1,,,
Magura MT7 Pro HC Carbotecture® Disc Brake Set,1,1,1,1,1,1,,,
Magura MT7 Pro HC Carbotecture® Disc Brake Set,1,1,1,1,1,1,,,
SRAM Brake Pads for Guide / Trail Disc Brakes,1,1,1,1,1,1,,,
SRAM Brake Pads for Guide / Trail Disc Brakes,1,1,1,1,1,1,,,
Trickstuff Direttissima Disc Brake Set,1,1,1,1,1,1,,,
SRAM Standard Bleed Kit w/ DOT 5.1 Brake Fluid,1,1,1,1,1,1,,,
"Shimano A10S Brake Pads for XT, SLX, Deore, Alfine",1,1,1,1,1,1,,,
Swissstop FlashPro Carbon Cartridge Brake Pads for Shimano/SRAM,1,1,1,1,1,1,,,
Shimano BR-R8000 Rim Brake Set,1,1,1,1,1,1,,,
Shimano Saint BR-M820 Disc Brake,1,1,1,1,1,1,,,
Shimano Saint BR-M820 Disc Brake,1,1,1,1,1,1,,,
Shimano Brake Cable Ferrules - 10 Pack,1,1,1,1,1,1,,,
"Continental Speed King RaceSport 26"" Folding Tyre",1,1,1,1,1,1,,,
bc basic Adhesive Tubeless Rim Tape,1,1,1,1,1,1,,,
"Schwalbe Thunder Burt Evolution ADDIX Speed SnakeSkin 29"" Folding Tyre",1,1,1,1,1,1,,,
"Continental RideTour 26"" Wired Tyre",1,1,1,1,1,1,,,
"Michelin Dynamic Classic 28"" Wired Tyre Set",1,1,1,1,1,1,,,
"Vittoria Rally 28"" Schlauchreifen",1,1,1,1,1,1,,,
SRAM GX Eagle 1x12-speed Trigger Upgrade Kit - 2018 Model,1,1,1,1,1,1,,,
Shimano XT 1x11-speed Upgrade Kit,1,1,1,1,1,1,,,
bc basic Adhesive Tubeless Rim Tape,1,1,1,1,1,1,,,
"bc basic Mountain Alivio Disc 6-bolt 26"" Wheel",1,1,1,1,1,1,,,
DT Swiss SRAM XD Pawl Drive System® Conversion Kit w/ Freehub Body,1,1,1,1,1,1,,,
"RockShox Reverb Stealth 150 mm Dropper Post, 1x Remote, Left - 2018 Model",1,1,1,1,1,1,,,
Shimano FD-R8000 2-/11-speed Ultegra Front Derailleur,1,1,1,1,1,1,,,
Shimano XT Shadow RD-M781 10-speed Rear Derailleur,1,1,1,1,1,1,,,
Jagwire Sport Stainless Steel Shifter Cable for Shimano/Sram,1,1,1,1,1,1,,,
Hope Tech 3 Lever Clamps for SRAM Shifters,1,1,1,1,1,1,,,
SRAM GX 2-/ 10-speed Trigger Shifter,1,1,1,1,1,1,,,
Shimano Upper Cover for SL-M7000-I I-Spec II,1,1,1,1,1,1,,,
Shimano Upper Cover for SL-M7000-I I-Spec II,1,1,1,1,1,1,,,
Rohloff Speedhub Shifter Cable Set,1,1,1,1,1,1,,,
SRAM Derailleur Pulleys for X0 Type 2 / Type 2.1 Models as of 2012,1,1,1,1,1,1,,,
RockShox Solo Air Air Shaft Pike / Lyrik / Yari,1,1,1,1,1,1,,,
RockShox Spare Spring for BoXXer / Domain Dual Crown,1,1,1,1,1,1,,,
Continental MTB 26 Tube,1,1,1,1,1,1,,,
"tubolito Tubo-MTB 29"" Tube",1,1,1,1,1,1,,,
Continental Race 28 Tubes - 10 Pack - OEM Packaging,1,1,1,1,1,1,,,
Shimano FC-6800 Ultegra Hollowtech II Crankset,1,1,1,1,1,1,,,
Shimano Sprocket for XT CS-M771 10-speed,1,1,1,1,1,1,,,
"Shimano Bleed Kit for XTR, XT, SLX, ZEE, Deore Brakes",1,1,1,1,1,1,,,
Shimano SM-RT81 Center Lock Rotor for XT Brakes,1,1,1,1,1,1,,,
Shimano Mineral Oil Bleeding Kit,1,1,1,1,1,1,,,
Asista Brake Cable,1,1,1,1,1,1,,,
"Continental Contact Plus 28"" Wired Tyre - 2017 Model",1,1,1,1,1,1,,,
Cane Creek Crown Race for 40 Series / AngleSet,1,1,1,1,1,1,,,
Shimano XTR RD-M9000 11-speed Shadow Plus Rear Derailleur,1,1,1,1,1,1,,,
Shimano ZEE RD-M640 10-speed Shadow Plus Rear Derailleur,1,1,1,1,1,1,,,
Shimano XTR SL-M9000-I 2-/3-/11-speed Shifter w/ I-Spec II,1,1,1,1,1,1,,,
SRAM X5 3-/9-speed Front Derailleur - Closeout,1,1,1,1,1,1,,,
"RockShox Fork Oil, 15 wt Viscosity",1,1,1,1,1,1,,,
Continental Race 28 Tube - 25 Tube Set + 2 Free Tyre Levers,1,1,1,1,1,1,,,
"Schwalbe Big Apple 26"" Wired Tyre",1,1,1,1,1,1,,,
Hope 10-speed Jockey Wheels,1,1,1,1,1,1,,,
Shimano XT CS-M770 Cassette + CN-HG93 9-speed Chain Set,1,1,1,1,1,1,,,
Shimano PD-M9000 XTR Race Clipless Pedals,1,1,1,1,1,1,,,
crankbrothers Mallet E Clipless/Platform Pedals,1,1,1,1,1,1,,,
Shimano SLX CS-HG81-10 Cassette + CN-HG95 10-speed Chain Set,1,1,1,1,1,1,,,
Campagnolo Chorus 11-speed Cassette,1,1,1,1,1,1,,,
SunRace CSMX3 10-speed Cassette,1,1,1,1,1,1,,,
SRAM PC 951 9-speed Chain,1,1,1,1,1,1,,,
absoluteBLACK Oval Traction 104/64 BCD Chainring,1,1,1,1,1,1,,,
"TA Kettenblatt Zephyr, 5-Arm, innen, 110 mm Lochkreis",1,1,1,1,1,1,,,
"TA Kettenblatt Single, 4-Arm, 104 mm Lochkreis",1,1,1,1,1,1,,,
SRAM GX 1000 GXP 1x11-speed Crankset,1,1,1,1,1,1,,,
NC-17 Sudpin III S-Pro Platform Pedals,1,1,1,1,1,1,,,
Shimano XTR CS-M9000 11-speed Cassette - Closeout,1,1,1,1,1,1,,,
Shimano BR-M640 ZEE Disc Brake Set,1,1,1,1,1,1,,,
"Shimano H01A Brake Pads for Saint 820, ZEE, BR-M8020",1,1,1,1,1,1,,,
"Shimano R55C4 Brake Pads for Dura Ace, Ultegra, 105 - 2 pairs",1,1,1,1,1,1,,,
"Shimano SM-BH90-SBM Brake Hose w/ Banjo for XTR, XT, SLX",1,1,1,1,1,1,,,
Avid BB7 Road Disc Brakes - Closeout,1,1,1,1,1,1,,,
Jagwire KEB-SL Brake Cable Housing,1,1,1,1,1,1,,,
"Continental Ultra Sport II 28"" Folding Tyre + Race Tube Set",1,1,1,1,1,1,,,
"Continental Grand Prix 4 Season 28"" Folding Tyre",1,1,1,1,1,1,,,
"Continental Grand Prix 4 Season 28"" Folding Tyre",1,1,1,1,1,1,,,
tune One Shot Tyre Sealant,1,1,1,1,1,1,,,
"Continental Ultra Sport II 28"" Folding Tyre",1,1,1,1,1,1,,,
"DT Swiss Tubeless Ready Rim Tape, 10 m",1,1,1,1,1,1,,,
"Schwalbe Hurricane 26"" Wired Tyre",1,1,1,1,1,1,,,
"Schwalbe Big Apple 26"" Wired Tyre",1,1,1,1,1,1,,,
"Schwalbe Kojak 26"" Folding Tyre",1,1,1,1,1,1,,,
Schwalbe Eddy Current Rear Evo ADDIX Soft 27.5+ Folding Tyre - 2019 Model,1,1,1,1,1,1,,,
"Schwalbe Nobby Nic Evolution ADDIX Speedgrip SnakeSkin 29""+ Folding Tyre",1,1,1,1,1,1,,,
"WTB Resolute TCS Light Fast Rolling 28"" Faltreifen",1,1,1,1,1,1,,,
"Continental Der Baron 2.4 Projekt ProTection 29"" Folding Tyre - 2018 Model",1,1,1,1,1,1,,,
"Schwalbe Durano Plus 28"" Folding Tyre",1,1,1,1,1,1,,,
"Schwalbe Marathon Plus MTB E-Bike 27.5"" Wired Tyre",1,1,1,1,1,1,,,
SRAM XX1 Eagle 1x12-speed Upgrade Kit,1,1,1,1,1,1,,,
SRAM NX 1x11-speed Upgrade Kit,1,1,1,1,1,1,,,
Fulcrum Racing Sport Wheelset,1,1,1,1,1,1,,,
tune One Shot Tyre Sealant,1,1,1,1,1,1,,,
"DT Swiss Tubeless Ready Rim Tape, 10 m",1,1,1,1,1,1,,,
Favero Assioma Duo Power Meter Pedals,1,1,1,1,1,1,,,
QUARQ XX1 Eagle DUB Power Meter Cranks,1,1,1,1,1,1,,,
ESI Chunky Silicone Grips,1,1,1,1,1,1,,,
ESI Chunky Silicone Grips,1,1,1,1,1,1,,,
Cane Creek Reducer for 27.2 mm Seatposts,1,1,1,1,1,1,,,
SDG Tellis 150 mm Dropper Post,1,1,1,1,1,1,,,
crankbrothers Highline 125 mm Dropper Post w/ Remote,1,1,1,1,1,1,,,
RockShox 1x Remote Upgrade Kit for Reverb Models as of 2013,1,1,1,1,1,1,,,
Fizik Seatpost Ring 27.2 mm,1,1,1,1,1,1,,,
Shimano Stainless Steel Shifter Cable,1,1,1,1,1,1,,,
Shimano SIS-SP41 Shifter Cable Housing,1,1,1,1,1,1,,,
Shimano Optislick Shifter Cable,1,1,1,1,1,1,,,
SRAM SlickWire Shift Cable Kit,1,1,1,1,1,1,,,
Shimano ZEE RD-M640 10-speed Shadow Plus Rear Derailleur,1,1,1,1,1,1,,,
KCNC Jockey Wheel System,1,1,1,1,1,1,,,
Nokon Konkavex Schalt- oder Brems-Universal-Set,1,1,1,1,1,1,,,
Nokon Konkavex Schalt- oder Brems-Universal-Set,1,1,1,1,1,1,,,
capgo Noise Protection for Shift Cable Housings,1,1,1,1,1,1,,,
Shimano Saint RD-M820 10-speed Shadow Plus Rear Derailleur,1,1,1,1,1,1,,,
Shimano Stainless Steel Shifter Cables - 100 Pack,1,1,1,1,1,1,,,
SRAM X0 2-/ 3-/10-speed Twist Shifter,1,1,1,1,1,1,,,
Shimano Deore RD-M615 10-speed Shadow Plus Rear Derailleur - Closeout,1,1,1,1,1,1,,,
RockShox Suspension Fork Pump - 20 bar,1,1,1,1,1,1,,,
RockShox Suspension Oil - 5WT Viscostiy,1,1,1,1,1,1,,,
RockShox Dust Seals / Foam Rings Service Kit for Judy/Pilot/SID/Dart,1,1,1,1,1,1,,,
Maxxis Plus / Fatbike 27.5+ Tube,1,1,1,1,1,1,,,
"Schwalbe Tube No. 7C Extralight for 20"" Tyres",1,1,1,1,1,1,,,
Challenge Latex Cross Tube,1,1,1,1,1,1,,,
"Surly Long Haul Trucker 26"" Frameset",1,1,1,1,1,1,,,
Jagwire Aluminium Sick-On Guides,1,1,1,1,1,1,,,
Jagwire Plastic Stick-On Guides,1,1,1,1,1,1,,,